Counter,Date/time,Latitude,Longitude,Temperature,Humidity,Magnetometer,Clouds
1,2023-05-03 03:56:12.797733,-39.287382680954316,131.87755891032137,32.2888,28.808,"{'x': 8.124938011169434, 'y': 0.3703151345252991, 'z': -7.3477911949157715}",32.98
2,2023-05-03 03:56:43.392866,-40.49730254312086,133.89240593985264,31.9865,28.7713,"{'x': 14.624847412109375, 'y': 0.8570805788040161, 'z': -13.278682708740234}",53.41
3,2023-05-03 03:57:13.991998,-41.62573667118484,135.91007902535623,32.3777,28.9059,"{'x': 19.563478469848633, 'y': 1.2456685304641724, 'z': -18.39906120300293}",110.24
4,2023-05-03 03:57:44.681579,-42.713346118903836,138.0038559036033,33.0,28.8386,"{'x': 23.730783462524414, 'y': 1.8245729207992554, 'z': -22.230144500732422}",153.12
5,2023-05-03 03:58:15.377220,-43.75889218353836,140.18057540735745,32.0932,28.7468,"{'x': 27.043790817260742, 'y': 2.467179775238037, 'z': -25.61831283569336}",156.66
6,2023-05-03 03:58:46.081336,-44.75613409594285,142.43669820847302,32.1466,28.5724,"{'x': 29.511478424072266, 'y': 3.026885747909546, 'z': -28.48723793029785}",137.09
7,2023-05-03 03:59:16.726880,-45.701310873482875,144.77265369758902,32.3599,28.7315,"{'x': 31.654380798339844, 'y': 3.560521364212036, 'z': -31.12140464782715}",93.38
8,2023-05-03 03:59:47.411807,-46.59136089865188,147.19003535070257,32.1466,28.5541,"{'x': 33.4066162109375, 'y': 4.339567184448242, 'z': -33.11026382446289}",60.55
9,2023-05-03 04:00:18.069329,-47.42270165579097,149.68856035466493,32.3599,28.6306,"{'x': 34.663177490234375, 'y': 5.006141185760498, 'z': -34.91120910644531}",44.15
10,2023-05-03 04:00:48.758409,-48.192166004295785,152.26846033833573,32.3244,28.6428,"{'x': 35.844085693359375, 'y': 5.747365951538086, 'z': -36.37195587158203}",23.32
11,2023-05-03 04:01:19.422332,-48.89623311518471,154.9280576828649,32.4488,28.5633,"{'x': 36.57685470581055, 'y': 6.4682416915893555, 'z': -37.49161148071289}",34.81
12,2023-05-03 04:01:50.127295,-49.5305762488397,157.66064506041695,32.68,28.4868,"{'x': 37.267677307128906, 'y': 7.123119354248047, 'z': -38.426300048828125}",49.29
13,2023-05-03 04:02:20.804267,-50.093150669118586,160.46750752777032,32.1821,28.7468,"{'x': 37.86567687988281, 'y': 7.7435197830200195, 'z': -39.207157135009766}",58.67
14,2023-05-03 04:02:51.475997,-50.5794879830651,163.33630910046222,32.8933,28.5174,"{'x': 38.26419448852539, 'y': 8.415054321289062, 'z': -39.69816589355469}",82.07
15,2023-05-03 04:03:22.133146,-50.98722037823294,166.2617975014374,32.0043,28.5571,"{'x': 38.638397216796875, 'y': 9.254085540771484, 'z': -39.995243072509766}",108.79
16,2023-05-03 04:03:52.798355,-51.31368701790171,169.23335552170764,32.4844,28.6398,"{'x': 38.79149627685547, 'y': 9.99977970123291, 'z': -40.27983093261719}",166.09
17,2023-05-03 04:04:23.484043,-51.5573310496096,172.246077993641,32.431,28.5296,"{'x': 38.80459976196289, 'y': 10.686952590942383, 'z': -40.51895523071289}",177.86
18,2023-05-03 04:04:54.153818,-51.71627220978428,175.2877166850033,32.4133,28.7315,"{'x': 39.05952072143555, 'y': 11.462388038635254, 'z': -40.58389663696289}",169.82
19,2023-05-03 04:05:24.833293,-51.78931829763323,178.34395900671979,32.3599,28.5633,"{'x': 39.09512710571289, 'y': 12.367340087890625, 'z': -40.624114990234375}",155.93
20,2023-05-03 04:05:55.488052,-51.77606011706491,-178.59459163937586,32.9644,28.8539,"{'x': 38.98639678955078, 'y': 13.221414566040039, 'z': -40.653343200683594}",102.91
21,2023-05-03 04:06:26.189795,-51.67666733775661,-175.5435687304282,32.0399,28.346,"{'x': 38.98347473144531, 'y': 13.948921203613281, 'z': -40.548744201660156}",106.04
22,2023-05-03 04:06:56.887343,-51.49148853201687,-172.50768759365567,32.1821,28.9182,"{'x': 38.85590744018555, 'y': 14.616164207458496, 'z': -40.49284744262695}",100.8
23,2023-05-03 04:07:27.550048,-51.22213227325827,-169.5057488795671,32.9644,28.6795,"{'x': 38.74047088623047, 'y': 15.240813255310059, 'z': -40.324459075927734}",95.99
24,2023-05-03 04:07:58.229052,-50.87007515557545,-166.5443946244088,32.9644,28.5388,"{'x': 38.76432418823242, 'y': 15.969476699829102, 'z': -40.08753967285156}",56.55
25,2023-05-03 04:08:28.924549,-50.43783008866899,-163.63550662271373,32.0043,28.5633,"{'x': 38.592506408691406, 'y': 16.69396209716797, 'z': -39.94343566894531}",43.07
26,2023-05-03 04:08:59.657665,-49.927415561513016,-160.7836573443146,32.0221,28.808,"{'x': 38.54389953613281, 'y': 17.518827438354492, 'z': -39.52545166015625}",28.21
27,2023-05-03 04:09:30.386903,-49.341497968323125,-157.99554938725498,32.3599,28.548,"{'x': 38.48903274536133, 'y': 18.175254821777344, 'z': -39.12351989746094}",6.22
28,2023-05-03 04:10:01.111524,-48.68389405811632,-155.28015965445363,32.7511,28.6183,"{'x': 38.34745407104492, 'y': 18.93709945678711, 'z': -38.637203216552734}",1.88
29,2023-05-03 04:10:31.818604,-47.95797745225064,-152.64147760405703,32.1643,28.6459,"{'x': 38.199615478515625, 'y': 19.625688552856445, 'z': -37.946231842041016}",0.09
30,2023-05-03 04:11:02.413506,-47.16836560907908,-150.08576597185024,32.0221,28.7989,"{'x': 38.063533782958984, 'y': 20.424806594848633, 'z': -37.33938217163086}",0.38
31,2023-05-03 04:11:33.145251,-46.31988235885921,-147.61722999208436,31.951,28.7468,"{'x': 37.89179611206055, 'y': 21.208635330200195, 'z': -36.84259796142578}",0.15
32,2023-05-03 04:12:03.867051,-45.41056811401467,-145.22101835460322,32.9644,29.0956,"{'x': 37.75597381591797, 'y': 21.961027145385742, 'z': -36.23152542114258}",0.09
33,2023-05-03 04:12:34.577656,-44.44737632525289,-142.90718854576647,32.1999,28.5602,"{'x': 37.70482635498047, 'y': 22.405954360961914, 'z': -35.34589767456055}",0.16
34,2023-05-03 04:13:05.282759,-43.43394218712696,-140.6749656756084,32.2888,28.8784,"{'x': 37.42338943481445, 'y': 23.145742416381836, 'z': -34.69104766845703}",0.32
35,2023-05-03 04:13:35.997724,-42.373452160807965,-138.5221788252954,32.6088,28.7591,"{'x': 37.35580825805664, 'y': 23.818010330200195, 'z': -33.797794342041016}",0.16
36,2023-05-03 04:14:06.728015,-41.26869313445691,-136.44578074107073,31.8798,29.218,"{'x': 37.11416244506836, 'y': 24.381704330444336, 'z': -33.15277099609375}",0.11
37,2023-05-03 04:14:37.445280,-40.122029253028366,-134.44207657360002,32.1288,28.8601,"{'x': 37.0865478515625, 'y': 25.004539489746094, 'z': -32.33030319213867}",0.1
38,2023-05-03 04:15:08.143225,-38.93787100750979,-132.5108222832148,31.7732,28.9212,"{'x': 36.9893684387207, 'y': 25.511993408203125, 'z': -31.607160568237305}",0.0
39,2023-05-03 04:15:38.817343,-37.72026503636977,-130.65060123443894,32.84,28.8325,"{'x': 36.71013641357422, 'y': 26.045488357543945, 'z': -30.74175262451172}",0.0
40,2023-05-03 04:16:09.539564,-36.46849791418329,-128.85303725860368,31.8087,28.9824,"{'x': 36.45178985595703, 'y': 26.563417434692383, 'z': -29.701276779174805}",0.0
41,2023-05-03 04:16:40.245480,-35.18580499783528,-127.11620830118373,32.3599,28.6489,"{'x': 36.22138977050781, 'y': 27.05740737915039, 'z': -28.76979637145996}",0.0
42,2023-05-03 04:17:10.949686,-33.87567266971791,-125.43836824998247,32.0932,28.8295,"{'x': 36.10700988769531, 'y': 27.61444664001465, 'z': -27.8021240234375}",0.0
43,2023-05-03 04:17:41.608923,-32.54000441989172,-123.81575399847068,32.3955,29.0742,"{'x': 36.08021545410156, 'y': 28.040239334106445, 'z': -27.0933780670166}",0.0
44,2023-05-03 04:18:12.329592,-31.180760594933176,-122.24494210380642,32.6622,29.2609,"{'x': 36.0567741394043, 'y': 28.625520706176758, 'z': -26.12896156311035}",0.0
45,2023-05-03 04:18:43.015914,-29.79759293316356,-120.72024793137491,31.6843,28.9335,"{'x': 35.752952575683594, 'y': 29.16039276123047, 'z': -25.20699119567871}",0.0
46,2023-05-03 04:19:13.740477,-28.395362818033707,-119.24198501997333,31.7198,28.9059,"{'x': 35.6280632019043, 'y': 29.37032699584961, 'z': -24.266023635864258}",0.0
47,2023-05-03 04:19:44.479715,-26.97257593173124,-117.80381241966133,32.0043,29.1446,"{'x': 35.58477020263672, 'y': 29.61307144165039, 'z': -23.52249526977539}",0.0
48,2023-05-03 04:20:15.181917,-25.531904512172435,-116.40406059424005,31.7732,28.8876,"{'x': 35.44211959838867, 'y': 30.212936401367188, 'z': -22.5726375579834}",0.0
49,2023-05-03 04:20:45.877201,-24.07708023554505,-115.04203334271864,32.0399,29.0773,"{'x': 35.43540954589844, 'y': 30.656408309936523, 'z': -21.348514556884766}",0.0
50,2023-05-03 04:21:16.579133,-22.60808268644738,-113.7135908994745,32.5911,29.2517,"{'x': 35.46223449707031, 'y': 31.005184173583984, 'z': -20.350446701049805}",0.0
51,2023-05-03 04:21:47.278153,-21.126167090148645,-112.41604738065325,31.951,29.3741,"{'x': 35.56050491333008, 'y': 31.20816421508789, 'z': -19.423908233642578}",0.0
52,2023-05-03 04:22:17.973857,-19.630819663665026,-111.14540271384632,31.6487,29.1232,"{'x': 35.554649353027344, 'y': 31.50920867919922, 'z': -18.236101150512695}",0.0
53,2023-05-03 04:22:48.660780,-18.125907679973178,-109.9015349311576,31.7909,29.2303,"{'x': 35.470863342285156, 'y': 31.711200714111328, 'z': -17.17034339904785}",0.0
54,2023-05-03 04:23:19.380842,-16.610515041781024,-108.68041673376783,31.6487,29.2456,"{'x': 35.43159866333008, 'y': 32.0146484375, 'z': -16.065898895263672}",0.0
55,2023-05-03 04:23:50.083893,-15.08506316507404,-107.47934484981214,31.7198,29.1201,"{'x': 35.24965286254883, 'y': 32.28422927856445, 'z': -14.922017097473145}",0.0
56,2023-05-03 04:24:20.787221,-13.552512671047642,-106.29769733482033,32.2355,29.2853,"{'x': 35.290687561035156, 'y': 32.5044059753418, 'z': -13.806873321533203}",0.0
57,2023-05-03 04:24:51.467936,-12.012904687860724,-105.13264401745762,31.702,29.3741,"{'x': 35.155479431152344, 'y': 32.76133728027344, 'z': -12.712739944458008}",0.0
58,2023-05-03 04:25:22.186129,-10.468496991024484,-103.98313323023328,31.9154,29.5087,"{'x': 35.02423858642578, 'y': 33.02427673339844, 'z': -11.752336502075195}",0.0
59,2023-05-03 04:25:52.881856,-8.91761879992867,-102.845275266418,31.8265,29.7259,"{'x': 35.540496826171875, 'y': 33.34596252441406, 'z': -10.579241752624512}",0.0
60,2023-05-03 04:26:23.594864,-7.361392951579668,-101.71735792330574,31.5776,29.8055,"{'x': 35.46523666381836, 'y': 33.6903190612793, 'z': -9.822318077087402}",0.0
61,2023-05-03 04:26:54.306011,-5.801789360136211,-100.5983125741469,31.5065,29.2058,"{'x': 35.405723571777344, 'y': 33.92349624633789, 'z': -8.668739318847656}",0.0
62,2023-05-03 04:27:25.016648,-4.239282670803106,-99.48602583143857,31.8265,29.4964,"{'x': 35.2161979675293, 'y': 34.20520782470703, 'z': -7.359683513641357}",0.0
63,2023-05-03 04:27:55.687478,-2.6749364499600654,-98.37884406681972,32.5555,29.5362,"{'x': 35.028873443603516, 'y': 34.55171203613281, 'z': -6.090737342834473}",0.0
64,2023-05-03 04:28:26.384648,-1.1109806400102504,-97.27595969715807,31.9332,29.5638,"{'x': 34.825462341308594, 'y': 34.82232666015625, 'z': -4.713308334350586}",0.0
65,2023-05-03 04:28:57.086637,0.4546794506644873,-96.17353743173439,32.4666,29.7688,"{'x': 34.785926818847656, 'y': 35.02814483642578, 'z': -3.6793155670166016}",0.0
66,2023-05-03 04:29:27.778133,2.019840386319262,-95.07078205774368,31.3998,29.4873,"{'x': 34.7143440246582, 'y': 35.27256393432617, 'z': -2.528552532196045}",0.0
67,2023-05-03 04:29:58.479149,3.5848002483804566,-93.96512951757707,31.3464,29.4261,"{'x': 34.683135986328125, 'y': 35.29664611816406, 'z': -1.4061628580093384}",0.0
68,2023-05-03 04:30:29.187261,5.147878237607289,-92.85539696603784,31.5776,29.5576,"{'x': 34.713890075683594, 'y': 35.4036865234375, 'z': 0.05067060515284538}",0.0
69,2023-05-03 04:30:59.894687,6.7088472313110925,-91.73934889934542,32.2888,29.1048,"{'x': 34.67057418823242, 'y': 35.623287200927734, 'z': 1.2380341291427612}",0.0
70,2023-05-03 04:31:30.576637,8.265481260706432,-90.61615179229585,31.6665,29.4964,"{'x': 34.6587028503418, 'y': 35.739376068115234, 'z': 2.4867806434631348}",0.0
71,2023-05-03 04:32:01.257271,9.818689449408598,-89.4826741588101,31.3464,29.4628,"{'x': 34.80585479736328, 'y': 35.76184844970703, 'z': 3.724782943725586}",0.0
72,2023-05-03 04:32:31.956483,11.366249505999752,-88.33800077715966,31.7198,29.6311,"{'x': 34.87592315673828, 'y': 35.761844635009766, 'z': 4.825712203979492}",0.0
73,2023-05-03 04:33:02.566838,12.909067908803097,-87.17884376969414,32.3244,29.6861,"{'x': 35.037086486816406, 'y': 35.81027603149414, 'z': 6.045436859130859}",0.0
74,2023-05-03 04:33:33.269376,14.440461546973966,-86.00760664292703,31.2931,29.3098,"{'x': 35.05939865112305, 'y': 35.83205795288086, 'z': 7.3400444984436035}",0.0
75,2023-05-03 04:34:03.981188,15.969159464299333,-84.8148201883053,31.702,29.4169,"{'x': 35.125003814697266, 'y': 35.8563232421875, 'z': 8.497525215148926}",0.0
76,2023-05-03 04:34:34.692459,17.489877621082645,-83.6015717919358,32.2888,30.1849,"{'x': 35.22319793701172, 'y': 35.764102935791016, 'z': 9.631977081298828}",0.0
77,2023-05-03 04:35:05.377407,19.001120598793534,-82.36599747666035,31.8265,29.5026,"{'x': 35.45789337158203, 'y': 35.6304817199707, 'z': 11.000518798828125}",0.0
78,2023-05-03 04:35:36.074894,20.50041116318668,-81.10698395053767,31.3464,29.5638,"{'x': 35.56138229370117, 'y': 35.48876190185547, 'z': 11.899971008300781}",0.0
79,2023-05-03 04:36:06.787285,21.98898460085986,-79.82017041658781,31.6131,29.7014,"{'x': 35.568363189697266, 'y': 35.395076751708984, 'z': 13.144648551940918}",0.0
80,2023-05-03 04:36:37.504749,23.465604603648195,-78.503039781226,31.5598,29.4934,"{'x': 35.6773567199707, 'y': 35.24182891845703, 'z': 14.444174766540527}",0.0
81,2023-05-03 04:37:08.190605,24.928360570800738,-77.1535369602509,31.3109,29.4934,"{'x': 35.644630432128906, 'y': 35.021427154541016, 'z': 15.362799644470215}",0.0
82,2023-05-03 04:37:38.882616,26.374009668935656,-75.77080741905196,31.2931,29.4812,"{'x': 35.8214225769043, 'y': 34.837677001953125, 'z': 16.27583122253418}",0.0
83,2023-05-03 04:38:09.583843,27.80395648450164,-74.34939418919635,31.3287,29.4964,"{'x': 35.957984924316406, 'y': 34.6646614074707, 'z': 17.300457000732422}",0.0
84,2023-05-03 04:38:40.300736,29.21585887799897,-72.88715575425778,31.0975,29.4108,"{'x': 36.141605377197266, 'y': 34.530582427978516, 'z': 18.406829833984375}",0.0
85,2023-05-03 04:39:10.995884,30.607991467302515,-71.38119361311935,31.5065,29.4812,"{'x': 36.23225021362305, 'y': 34.33034896850586, 'z': 19.46573829650879}",0.0
86,2023-05-03 04:39:41.703016,31.979240509970904,-69.82770118162802,31.5776,29.8361,"{'x': 36.346458435058594, 'y': 34.01696014404297, 'z': 20.374406814575195}",0.0
87,2023-05-03 04:40:12.409043,33.32701589516274,-68.22430265793575,31.1331,29.3557,"{'x': 36.41006851196289, 'y': 33.79804992675781, 'z': 21.258901596069336}",0.0
88,2023-05-03 04:40:43.113062,34.649366615191504,-66.56774760790614,31.5954,29.2486,"{'x': 36.556854248046875, 'y': 33.44102096557617, 'z': 22.0408878326416}",0.0
89,2023-05-03 04:41:13.817973,35.94445499580513,-64.85440622314827,31.3642,29.3679,"{'x': 36.614524841308594, 'y': 33.18402099609375, 'z': 22.88348960876465}",0.0
90,2023-05-03 04:41:44.478437,37.20968944624466,-63.081438272478714,31.4887,29.6158,"{'x': 36.773399353027344, 'y': 32.76185607910156, 'z': 23.815080642700195}",0.0
91,2023-05-03 04:42:15.192166,38.442923640441414,-61.245239403345664,31.1509,29.3282,"{'x': 36.795501708984375, 'y': 32.357967376708984, 'z': 24.645551681518555}",0.0
92,2023-05-03 04:42:45.898695,39.64265743061475,-59.34088195432906,31.4709,29.3557,"{'x': 36.814208984375, 'y': 32.000709533691406, 'z': 25.255102157592773}",0.0
93,2023-05-03 04:43:16.605938,40.804827567451945,-57.36731599729192,31.1509,29.4781,"{'x': 36.92103576660156, 'y': 31.482019424438477, 'z': 25.97828483581543}",0.0
94,2023-05-03 04:43:47.317119,41.928597981044405,-55.31793093478667,32.1288,29.6494,"{'x': 36.87572479248047, 'y': 30.968671798706055, 'z': 26.635944366455078}",0.0
95,2023-05-03 04:44:18.027529,43.008758948011845,-53.19384090688791,32.1643,29.6923,"{'x': 36.94500732421875, 'y': 30.60356903076172, 'z': 27.135921478271484}",0.0
96,2023-05-03 04:44:48.745260,44.04302779364758,-50.99104809134106,31.1509,29.3373,"{'x': 37.049503326416016, 'y': 30.080364227294922, 'z': 27.793155670166016}",0.0
97,2023-05-03 04:45:19.432115,45.02805341458678,-48.70768256864411,32.1466,29.7076,"{'x': 37.13286209106445, 'y': 29.665199279785156, 'z': 28.467748641967773}",0.0
98,2023-05-03 04:45:50.135441,45.959429933238134,-46.34498297000526,32.0932,29.8116,"{'x': 37.244361877441406, 'y': 29.26018714904785, 'z': 28.992280960083008}",0.0
99,2023-05-03 04:46:20.845336,46.83508161632958,-43.89887255295435,31.3642,29.5362,"{'x': 37.16330337524414, 'y': 28.917207717895508, 'z': 29.3197078704834}",0.0
100,2023-05-03 04:46:51.546319,47.6510891073049,-41.37034349001422,31.8798,29.6708,"{'x': 36.97353744506836, 'y': 28.52079963684082, 'z': 29.833316802978516}",0.0
101,2023-05-03 04:47:22.246997,48.40345057071598,-38.76200060061824,31.4887,29.5668,"{'x': 36.904754638671875, 'y': 28.098752975463867, 'z': 30.314865112304688}",0.0
102,2023-05-03 04:47:52.958483,49.08882364359957,-36.07567841382803,31.1686,29.576,"{'x': 36.82969284057617, 'y': 27.719772338867188, 'z': 30.542381286621094}",0.0
103,2023-05-03 04:48:23.674101,49.703968500361114,-33.31399112237728,31.2398,29.2823,"{'x': 36.835426330566406, 'y': 27.165508270263672, 'z': 30.84869384765625}",0.0
104,2023-05-03 04:48:54.396799,50.24536292318042,-30.482588618375086,31.1153,29.6953,"{'x': 36.762840270996094, 'y': 26.623149871826172, 'z': 30.978092193603516}",0.0
105,2023-05-03 04:49:25.107154,50.709873775042624,-27.587901202539435,31.6843,29.4934,"{'x': 36.70083236694336, 'y': 26.31709861755371, 'z': 31.398075103759766}",0.46
106,2023-05-03 04:49:55.822863,51.094482556231064,-24.639335517050878,31.1686,29.6403,"{'x': 36.58653259277344, 'y': 25.72491455078125, 'z': 31.55081558227539}",0.41
107,2023-05-03 04:50:26.537612,51.397010554731175,-21.644390142527403,31.1153,29.4322,"{'x': 36.414188385009766, 'y': 25.277090072631836, 'z': 31.743953704833984}",0.32
108,2023-05-03 04:50:57.238915,51.61538814358177,-18.614297882510066,31.3998,29.5087,"{'x': 36.38983154296875, 'y': 24.867992401123047, 'z': 31.978384017944336}",0.4
109,2023-05-03 04:51:27.967160,51.74819068444794,-15.560406197168795,31.1686,29.3557,"{'x': 36.39457321166992, 'y': 24.257423400878906, 'z': 32.02455139160156}",0.38
110,2023-05-03 04:51:58.694946,51.79457119075703,-12.491146875395556,31.4531,29.6647,"{'x': 36.38788986206055, 'y': 23.943233489990234, 'z': 32.24375534057617}",0.41
111,2023-05-03 04:52:29.417354,51.754081251007044,-9.422549640336877,31.9688,29.6188,"{'x': 36.459266662597656, 'y': 23.81023406982422, 'z': 32.42431640625}",0.38
112,2023-05-03 04:53:00.136334,51.62702291877001,-6.365600550093514,31.2042,29.4475,"{'x': 36.38413619995117, 'y': 23.47850227355957, 'z': 32.363887786865234}",0.26
113,2023-05-03 04:53:30.855945,51.41429311553924,-3.3326872169995876,31.8798,29.4812,"{'x': 36.244483947753906, 'y': 23.006919860839844, 'z': 32.29762649536133}",0.15
114,2023-05-03 04:54:01.575325,51.1173028389063,-0.33464726178688414,31.1153,29.4077,"{'x': 36.2789192199707, 'y': 22.553531646728516, 'z': 32.459171295166016}",0.0
115,2023-05-03 04:54:32.300169,50.73798571738385,2.6181974102288947,31.2931,29.5117,"{'x': 36.210960388183594, 'y': 22.360578536987305, 'z': 32.462371826171875}",0.0
116,2023-05-03 04:55:03.039009,50.278649028241446,5.517102247397823,31.7554,29.0589,"{'x': 36.18988037109375, 'y': 21.97198486328125, 'z': 32.56528854370117}",0.0
117,2023-05-03 04:55:33.764695,49.7418608110106,8.354921117026635,31.8087,29.5791,"{'x': 36.111610412597656, 'y': 21.5687198638916, 'z': 32.59970474243164}",0.84
118,2023-05-03 04:56:04.488889,49.13117320227796,11.12258793880834,30.9908,29.4934,"{'x': 36.1474609375, 'y': 21.165477752685547, 'z': 32.582130432128906}",3.06
119,2023-05-03 04:56:35.216827,48.44973545200529,13.815973419790685,31.0797,29.2976,"{'x': 36.130489349365234, 'y': 20.757295608520508, 'z': 32.59870910644531}",18.04
120,2023-05-03 04:57:05.926738,47.70097695843152,16.43145721347222,31.382,29.4108,"{'x': 36.14297866821289, 'y': 20.26563262939453, 'z': 32.6110725402832}",16.92
121,2023-05-03 04:57:36.626965,46.8888247089697,18.96541002523336,31.0086,29.1262,"{'x': 36.2409553527832, 'y': 19.97566032409668, 'z': 32.46357345581055}",11.11
122,2023-05-03 04:58:07.303518,46.016939179352285,21.41657336030545,30.9019,29.4812,"{'x': 36.221221923828125, 'y': 19.61968994140625, 'z': 32.54579162597656}",48.5
123,2023-05-03 04:58:38.000071,45.08935606063706,23.783724865053156,31.9688,29.3282,"{'x': 36.425804138183594, 'y': 19.09482765197754, 'z': 32.69810104370117}",111.92
124,2023-05-03 04:59:08.663271,44.10826053570313,26.07082558214556,31.0442,29.3985,"{'x': 36.498435974121094, 'y': 18.689823150634766, 'z': 32.63376235961914}",164.8
125,2023-05-03 04:59:39.332264,43.07881858636522,28.27519369612408,31.9865,29.6035,"{'x': 36.6609001159668, 'y': 18.264205932617188, 'z': 32.58540344238281}",173.25
126,2023-05-03 05:00:10.002003,42.00306470933601,30.4016525760291,30.9908,29.5882,"{'x': 36.82848358154297, 'y': 17.733062744140625, 'z': 32.40192794799805}",154.86
127,2023-05-03 05:00:40.683049,40.88432858863388,32.452162810358836,31.4176,29.472,"{'x': 37.00761413574219, 'y': 17.418319702148438, 'z': 32.100650787353516}",142.75
128,2023-05-03 05:01:11.330650,39.7251576137554,34.430202755831296,31.3109,28.6734,"{'x': 37.09162902832031, 'y': 16.995197296142578, 'z': 31.956022262573242}",133.17
129,2023-05-03 05:01:41.995284,38.530180479163946,36.33587803893863,31.2042,29.4353,"{'x': 37.366058349609375, 'y': 16.510591506958008, 'z': 31.7071590423584}",126.83
130,2023-05-03 05:02:12.639725,37.300170924117715,38.17553993291749,32.0754,29.5362,"{'x': 37.38349151611328, 'y': 15.90218448638916, 'z': 31.654905319213867}",69.85
131,2023-05-03 05:02:43.294692,36.03897718448692,39.95051779300891,31.382,29.3037,"{'x': 37.48039627075195, 'y': 15.314725875854492, 'z': 31.62706756591797}",44.86
132,2023-05-03 05:03:13.980091,34.74787964196888,41.66574715482913,31.382,29.7779,"{'x': 37.64866256713867, 'y': 14.67321491241455, 'z': 31.16561508178711}",101.78
133,2023-05-03 05:03:44.662950,33.42842353565984,43.325342798219694,31.2575,29.3741,"{'x': 37.720218658447266, 'y': 13.92740535736084, 'z': 31.08352279663086}",138.7
134,2023-05-03 05:04:15.295884,32.08453995284445,44.93030436719207,31.4531,29.166,"{'x': 37.868125915527344, 'y': 13.34382438659668, 'z': 30.74762725830078}",120.27
135,2023-05-03 05:04:45.991132,30.717241337369526,46.4851104947801,31.2575,29.2241,"{'x': 37.94974136352539, 'y': 12.665122032165527, 'z': 30.509506225585938}",86.49
136,2023-05-03 05:05:16.634871,29.326936582031394,47.994462509009566,31.3642,29.4689,"{'x': 38.10267639160156, 'y': 11.86992359161377, 'z': 29.940277099609375}",100.76
137,2023-05-03 05:05:47.311237,27.919155376243523,49.45739772179217,31.4887,29.6433,"{'x': 38.34410858154297, 'y': 11.186014175415039, 'z': 29.226848602294922}",153.77
138,2023-05-03 05:06:17.989472,26.49166124480503,50.880990950322754,31.2575,29.5485,"{'x': 38.3994255065918, 'y': 10.414161682128906, 'z': 28.710853576660156}",158.73
139,2023-05-03 05:06:48.654124,25.04731794041827,52.26670852100357,31.4887,29.4108,"{'x': 38.61243438720703, 'y': 9.493040084838867, 'z': 28.413007736206055}",171.22
140,2023-05-03 05:07:19.325491,23.588232068993726,53.61672639855114,31.222,29.4536,"{'x': 38.7637825012207, 'y': 8.880949020385742, 'z': 27.6176815032959}",163.85
141,2023-05-03 05:07:49.978975,22.114807836503388,54.934623135044085,32.2177,29.4261,"{'x': 38.93954849243164, 'y': 7.982261657714844, 'z': 26.650699615478516}",123.99
142,2023-05-03 05:08:20.663591,20.629434170736197,56.222006605994295,31.6665,29.4659,"{'x': 39.15094757080078, 'y': 7.213371276855469, 'z': 25.940866470336914}",103.68
143,2023-05-03 05:08:51.322612,19.130883178022348,57.48344337380142,32.2888,29.3129,"{'x': 39.28641128540039, 'y': 6.483848571777344, 'z': 24.87567710876465}",87.86
144,2023-05-03 05:09:21.985651,17.623065659383673,58.71898120741454,31.702,29.3159,"{'x': 39.47770309448242, 'y': 5.800053119659424, 'z': 24.06184196472168}",116.88
145,2023-05-03 05:09:52.670615,16.105480818511904,59.93225316167871,31.3998,30.1634,"{'x': 39.88043975830078, 'y': 4.932555675506592, 'z': 23.1331729888916}",152.19
146,2023-05-03 05:10:23.331954,14.578343267789187,61.126096590961815,31.3464,28.958,"{'x': 40.1237907409668, 'y': 4.018904685974121, 'z': 22.023181915283203}",155.56
147,2023-05-03 05:10:53.996811,13.044800744064931,62.300970117120755,31.4353,29.4353,"{'x': 40.29133605957031, 'y': 3.1241278648376465, 'z': 20.880168914794922}",129.65
148,2023-05-03 05:11:24.653225,11.504417002526196,63.460032041244055,31.3998,29.0681,"{'x': 40.48027038574219, 'y': 2.3600003719329834, 'z': 19.840267181396484}",19.44
149,2023-05-03 05:11:55.322895,9.958671159545572,64.60487316697898,31.7732,29.3679,"{'x': 40.58582305908203, 'y': 1.485266089439392, 'z': 18.686281204223633}",0.01
150,2023-05-03 05:12:25.990758,8.407323478479517,65.7382803998943,31.7909,29.0222,"{'x': 40.841278076171875, 'y': 0.7935733795166016, 'z': 17.37911033630371}",0.0
151,2023-05-03 05:12:56.671255,6.851954410662319,66.86163041029887,31.4531,29.1446,"{'x': 41.04662322998047, 'y': 0.02971455827355385, 'z': 15.990781784057617}",23.55
152,2023-05-03 05:13:27.330562,5.292609451374565,67.97736356908258,31.4531,29.2547,"{'x': 41.14273452758789, 'y': -0.6144603490829468, 'z': 14.541436195373535}",5.22
153,2023-05-03 05:13:57.981339,3.7318028343276293,69.08611312884335,31.7554,29.062,"{'x': 41.242610931396484, 'y': -1.3693989515304565, 'z': 13.233420372009277}",59.32
154,2023-05-03 05:14:28.634225,2.169670670338977,70.19018157508962,31.7909,29.1752,"{'x': 41.223941802978516, 'y': -1.8717994689941406, 'z': 11.707948684692383}",68.18
155,2023-05-03 05:14:59.293613,0.6064132400877916,71.29178896525855,31.7554,29.3159,"{'x': 41.17926025390625, 'y': -2.3418145179748535, 'z': 10.104826927185059}",40.71
156,2023-05-03 05:15:29.950205,-0.9574370003215322,72.39290371236062,31.4353,29.0895,"{'x': 41.09455108642578, 'y': -2.861581325531006, 'z': 8.459595680236816}",0.49
157,2023-05-03 05:16:00.605249,-2.520647541851556,73.49499836373518,31.8798,29.1721,"{'x': 40.99589920043945, 'y': -3.3064777851104736, 'z': 6.78855562210083}",78.9
158,2023-05-03 05:16:31.242177,-4.0825080091646555,74.5999184407419,31.8621,29.0314,"{'x': 40.875118255615234, 'y': -3.6805622577667236, 'z': 5.080889701843262}",110.59
159,2023-05-03 05:17:01.866863,-5.641443720042592,75.70890771577966,31.8621,29.1048,"{'x': 40.791473388671875, 'y': -4.238593578338623, 'z': 3.4333038330078125}",113.57
160,2023-05-03 05:17:32.501034,-7.197010777658663,76.82402870173428,32.5555,29.1966,"{'x': 40.63960647583008, 'y': -4.684180736541748, 'z': 1.56096613407135}",136.79
161,2023-05-03 05:18:03.128741,-8.749491745223313,77.94791021358917,31.9688,29.1691,"{'x': 40.57801818847656, 'y': -5.068178176879883, 'z': -0.3458934724330902}",146.89
162,2023-05-03 05:18:33.796258,-10.29725573103615,79.08185080520947,31.7198,28.8111,"{'x': 40.49078369140625, 'y': -5.337261199951172, 'z': -2.4113643169403076}",157.62
163,2023-05-03 05:19:04.459972,-11.841900554265353,80.22959093825071,31.702,28.9121,"{'x': 40.348052978515625, 'y': -5.423095226287842, 'z': -4.247458457946777}",110.45
164,2023-05-03 05:19:35.141751,-13.380283728769136,81.39144989303124,31.7909,29.0314,"{'x': 40.17023468017578, 'y': -5.6837873458862305, 'z': -6.053058624267578}",98.41
165,2023-05-03 05:20:05.830916,-14.912664969162007,82.57035497111437,32.7511,29.1568,"{'x': 40.05567932128906, 'y': -5.733442306518555, 'z': -7.699639797210693}",142.5
166,2023-05-03 05:20:36.491656,-16.437572198326123,83.76802439536453,31.9688,28.9365,"{'x': 39.9243049621582, 'y': -5.857537269592285, 'z': -9.646077156066895}",119.89
167,2023-05-03 05:21:07.139748,-17.952280275753054,84.98522894031065,32.0754,29.0069,"{'x': 39.77000427246094, 'y': -5.913733005523682, 'z': -11.299599647521973}",111.34
168,2023-05-03 05:21:37.812056,-19.456591827846122,86.22481784634013,31.8798,29.0222,"{'x': 39.68621826171875, 'y': -5.840972900390625, 'z': -12.933591842651367}",146.1
169,2023-05-03 05:22:08.463833,-20.951253389168812,87.49063632326941,32.111,28.8937,"{'x': 39.61052322387695, 'y': -5.8406476974487305, 'z': -14.628735542297363}",103.8
170,2023-05-03 05:22:39.143945,-22.432982413974578,88.78328354077506,31.951,28.6612,"{'x': 39.4178352355957, 'y': -5.693808078765869, 'z': -16.214113235473633}",80.16
171,2023-05-03 05:23:09.853759,-23.90302146883591,90.1074182844211,32.111,29.0436,"{'x': 39.25149154663086, 'y': -5.512378215789795, 'z': -17.816341400146484}",59.14
172,2023-05-03 05:23:40.550973,-25.359985252406116,91.4656737462097,31.9332,28.9243,"{'x': 39.038448333740234, 'y': -5.361302375793457, 'z': -19.42243003845215}",10.63
173,2023-05-03 05:24:11.187068,-26.800678137686262,92.85908781762559,32.3066,28.8815,"{'x': 38.809791564941406, 'y': -5.063480377197266, 'z': -20.949493408203125}",0.08
174,2023-05-03 05:24:41.839336,-28.22144945821844,94.28815092964352,32.0932,28.5877,"{'x': 38.744937896728516, 'y': -4.839013576507568, 'z': -22.38248062133789}",19.18
175,2023-05-03 05:25:12.504519,-29.62460972879059,95.75953061031575,32.1466,28.8356,"{'x': 38.6368293762207, 'y': -4.360069274902344, 'z': -23.925256729125977}",46.21
176,2023-05-03 05:25:43.184843,-31.007816188145224,97.27557288967223,32.84,28.961,"{'x': 38.35606002807617, 'y': -4.09860897064209, 'z': -24.98345947265625}",30.42
177,2023-05-03 05:26:13.858615,-32.36997725115616,98.84018668311296,31.8976,28.9396,"{'x': 38.17164611816406, 'y': -3.7892918586730957, 'z': -26.19025421142578}",30.92
178,2023-05-03 05:26:44.538970,-33.7081125801853,100.45533457837362,31.9865,28.7866,"{'x': 37.93152618408203, 'y': -3.462570905685425, 'z': -27.64335060119629}",51.01
179,2023-05-03 05:27:15.210281,-35.02083760329761,102.12502075324406,32.0754,28.756,"{'x': 37.70815658569336, 'y': -3.041156053543091, 'z': -28.794214248657227}",62.4
180,2023-05-03 05:27:45.850263,-36.3042916818854,103.85022310506456,32.2355,28.6398,"{'x': 37.48408889770508, 'y': -2.6101937294006348, 'z': -29.742576599121094}",29.75
181,2023-05-03 05:28:16.536952,-37.55865244077723,105.6374916172978,32.3244,28.808,"{'x': 37.39380645751953, 'y': -2.1924567222595215, 'z': -30.78911781311035}",45.35
182,2023-05-03 05:28:47.184405,-38.781411417338404,107.49022362452621,32.2355,28.5694,"{'x': 37.26768112182617, 'y': -1.6505794525146484, 'z': -31.716445922851562}",81.09
183,2023-05-03 05:29:17.839395,-39.96768465636097,109.40804371145933,32.4844,28.701,"{'x': 37.112606048583984, 'y': -1.1856118440628052, 'z': -32.590084075927734}",116.69
184,2023-05-03 05:29:48.489768,-41.11664622633708,111.39693692583147,32.7511,28.4439,"{'x': 37.2032356262207, 'y': -0.8426713347434998, 'z': -33.56294631958008}",135.75
185,2023-05-03 05:30:19.168417,-42.22497236378439,113.45905894970025,32.84,28.8325,"{'x': 37.117462158203125, 'y': -0.4454052746295929, 'z': -34.441184997558594}",144.91
186,2023-05-03 05:30:49.820142,-43.29029119125263,115.5983275248557,32.0577,29.1415,"{'x': 37.01364517211914, 'y': -0.007225297391414642, 'z': -35.43589401245117}",148.89
187,2023-05-03 05:31:20.455470,-44.3081534002953,117.81433065246979,32.1288,28.8631,"{'x': 36.99872970581055, 'y': 0.383236289024353, 'z': -36.074012756347656}",140.22
188,2023-05-03 05:31:51.139450,-45.27678370515118,120.11211605018858,32.9644,29.1171,"{'x': 37.04572677612305, 'y': 0.8882399201393127, 'z': -36.94816207885742}",158.0
189,2023-05-03 05:32:21.817384,-46.19268451769878,122.4930493115937,33.0356,28.9886,"{'x': 37.00693893432617, 'y': 1.3556448221206665, 'z': -37.84885025024414}",175.95
190,2023-05-03 05:32:52.469225,-47.051354020209864,124.9550396540164,32.0577,28.8203,"{'x': 36.981143951416016, 'y': 1.7342153787612915, 'z': -38.59905242919922}",170.18
191,2023-05-03 05:33:23.126325,-47.849047741414935,127.49664858252922,32.3421,29.1109,"{'x': 36.956787109375, 'y': 2.174672842025757, 'z': -39.4152717590332}",177.43
192,2023-05-03 05:33:53.808077,-48.58275479952292,130.117779003754,32.3244,28.958,"{'x': 36.97075271606445, 'y': 2.6669909954071045, 'z': -40.13284683227539}",184.3
193,2023-05-03 05:34:24.486363,-49.24957131133329,132.81832480128787,32.8044,28.6612,"{'x': 36.781497955322266, 'y': 3.913320779800415, 'z': -40.815338134765625}",184.99
194,2023-05-03 05:34:55.149658,-49.84516464133364,135.5909040603505,32.1643,28.6612,"{'x': 36.810890197753906, 'y': 4.570785999298096, 'z': -41.606834411621094}",185.17
195,2023-05-03 05:35:25.837603,-50.366342786032696,138.43002377368617,32.4133,28.8509,"{'x': 36.890201568603516, 'y': 5.202734470367432, 'z': -42.324317932128906}",180.75
196,2023-05-03 05:35:56.479145,-50.81054018691995,141.3315239391763,32.5377,28.9151,"{'x': 36.87406539916992, 'y': 5.8760457038879395, 'z': -42.85132598876953}",178.17
197,2023-05-03 05:36:27.113735,-51.174325071871266,144.28184946116275,32.4844,29.0222,"{'x': 36.86342239379883, 'y': 6.513833522796631, 'z': -43.00577163696289}",181.58
198,2023-05-03 05:36:57.774169,-51.45593964126493,147.2742790553445,32.5555,29.2088,"{'x': 36.908897399902344, 'y': 7.1916093826293945, 'z': -43.15819549560547}",185.81
199,2023-05-03 05:37:28.452295,-51.65383027293831,150.3020503865729,32.8222,28.9886,"{'x': 36.942787170410156, 'y': 7.824663162231445, 'z': -43.383628845214844}",181.56
200,2023-05-03 05:37:59.107270,-51.76644734884113,153.35326036184986,32.6977,28.9059,"{'x': 37.07893371582031, 'y': 8.631681442260742, 'z': -43.69276809692383}",132.49
201,2023-05-03 05:38:29.800217,-51.792895063603794,156.41171459312125,32.111,29.0803,"{'x': 37.24032974243164, 'y': 9.312252044677734, 'z': -44.0204963684082}",70.66
202,2023-05-03 05:39:00.500178,-51.73299005514787,159.471704662253,32.1288,28.7162,"{'x': 37.08966064453125, 'y': 10.1139554977417, 'z': -44.1740837097168}",38.16
203,2023-05-03 05:39:31.192391,-51.587012280777245,162.51792875355738,32.1821,29.2088,"{'x': 37.18592834472656, 'y': 11.00788688659668, 'z': -43.98880386352539}",33.99
204,2023-05-03 05:40:01.910887,-51.3561405423933,165.5359687813811,32.0221,29.1018,"{'x': 37.051551818847656, 'y': 11.833052635192871, 'z': -43.854225158691406}",58.28
205,2023-05-03 05:40:32.649182,-51.041194207133884,168.52227598577363,32.0932,29.1354,"{'x': 37.05931091308594, 'y': 13.318326950073242, 'z': -43.68280792236328}",64.16
206,2023-05-03 05:41:03.329621,-50.64447857995718,171.4617898822593,32.0577,29.1048,"{'x': 37.13313674926758, 'y': 14.006829261779785, 'z': -43.513301849365234}",88.75
207,2023-05-03 05:41:34.057490,-50.16945899727971,174.33986277565796,32.5555,29.3465,"{'x': 37.08534240722656, 'y': 14.557045936584473, 'z': -43.30189514160156}",44.41
208,2023-05-03 05:42:04.801527,-49.61738853237337,177.15870500298914,32.1288,29.0956,"{'x': 37.0964469909668, 'y': 15.328691482543945, 'z': -43.18511962890625}",8.3
209,2023-05-03 05:42:35.542093,-48.991728515683974,179.9089658982718,32.2532,29.065,"{'x': 37.1949577331543, 'y': 15.983685493469238, 'z': -43.00442886352539}",1.2
210,2023-05-03 05:43:06.258688,-48.296168456049315,-177.41597740922248,32.9644,29.0865,"{'x': 37.173828125, 'y': 16.82529640197754, 'z': -42.75284194946289}",0.8
211,2023-05-03 05:43:36.946454,-47.53476818893697,-174.8214037062624,32.2888,29.2058,"{'x': 37.18503952026367, 'y': 17.625717163085938, 'z': -42.22433853149414}",0.11
212,2023-05-03 05:44:07.683879,-46.71145906318534,-172.3100385420968,32.3599,29.3496,"{'x': 37.22948455810547, 'y': 18.32516860961914, 'z': -41.56501770019531}",0.29
213,2023-05-03 05:44:38.418079,-45.827398186659664,-169.87595262943714,32.4666,29.4628,"{'x': 37.22671890258789, 'y': 19.105010986328125, 'z': -41.03545379638672}",0.32
214,2023-05-03 05:45:09.116504,-44.88793302010012,-167.5247727604286,32.9644,29.2241,"{'x': 37.08286666870117, 'y': 19.820035934448242, 'z': -40.40147018432617}",0.11
215,2023-05-03 05:45:39.815468,-43.89716225812402,-165.25692832469906,32.3955,29.1935,"{'x': 37.040706634521484, 'y': 20.64592170715332, 'z': -39.956451416015625}",0.09
216,2023-05-03 05:46:10.543832,-42.85779976095232,-163.06917550638076,32.8222,29.2425,"{'x': 37.07202911376953, 'y': 21.452428817749023, 'z': -39.36747741699219}",0.37
217,2023-05-03 05:46:41.283847,-41.77191312219501,-160.95723468694288,32.0932,29.1048,"{'x': 37.11853790283203, 'y': 22.086292266845703, 'z': -38.64506912231445}",0.09
218,2023-05-03 05:47:12.024993,-40.643172076122724,-158.92004302763982,32.0577,28.9824,"{'x': 37.03156661987305, 'y': 22.824342727661133, 'z': -37.94844436645508}",0.1
219,2023-05-03 05:47:42.759461,-39.47495811185755,-156.95561202288314,32.8044,29.1354,"{'x': 37.011173248291016, 'y': 23.552186965942383, 'z': -37.06640625}",0.11
220,2023-05-03 05:48:13.459477,-38.27031034097968,-155.0612165844529,32.0399,29.1538,"{'x': 36.920989990234375, 'y': 24.09380531311035, 'z': -36.0776481628418}",0.0
221,2023-05-03 05:48:44.164241,-37.033210602121436,-153.2354570422235,32.3066,29.267,"{'x': 36.897972106933594, 'y': 24.67496681213379, 'z': -35.2239875793457}",0.0
222,2023-05-03 05:49:14.885176,-35.76408855836502,-151.4718307174375,32.1288,29.1568,"{'x': 36.877315521240234, 'y': 25.400861740112305, 'z': -34.38936996459961}",0.0
223,2023-05-03 05:49:45.567504,-34.46539566882451,-149.7672477582181,32.271,29.1691,"{'x': 36.62745666503906, 'y': 26.100387573242188, 'z': -33.37815475463867}",0.0
224,2023-05-03 05:50:16.269215,-33.14141828740004,-148.12095922595017,31.9688,29.1538,"{'x': 36.52888870239258, 'y': 26.657136917114258, 'z': -32.3232536315918}",0.0
225,2023-05-03 05:50:47.002623,-31.791731374163817,-146.52646836945053,31.9154,29.1905,"{'x': 36.44831085205078, 'y': 27.349565505981445, 'z': -31.457748413085938}",0.0
226,2023-05-03 05:51:17.703478,-30.417644333939585,-144.9799733723323,32.6977,29.3068,"{'x': 36.24504470825195, 'y': 27.898883819580078, 'z': -30.667964935302734}",0.0
227,2023-05-03 05:51:48.404067,-29.02380223437814,-143.4814758164052,32.0754,29.0895,"{'x': 36.25431442260742, 'y': 28.475435256958008, 'z': -29.565494537353516}",0.0
228,2023-05-03 05:52:19.115637,-27.610465188686884,-142.02622942406146,32.1821,29.3006,"{'x': 36.29767990112305, 'y': 28.979211807250977, 'z': -28.452770233154297}",0.0
229,2023-05-03 05:52:49.823096,-26.17862578434271,-140.61066031021718,32.68,29.3496,"{'x': 36.219600677490234, 'y': 29.40940284729004, 'z': -27.71874237060547}",0.0
230,2023-05-03 05:53:20.544212,-24.7309321889825,-139.23301904195966,32.1288,29.2945,"{'x': 36.36570739746094, 'y': 29.916101455688477, 'z': -26.69821548461914}",0.0
231,2023-05-03 05:53:51.238327,-23.26655835165059,-137.88844667818418,32.1466,29.3618,"{'x': 36.276206970214844, 'y': 30.439464569091797, 'z': -25.778989791870117}",0.0
232,2023-05-03 05:54:21.950176,-21.790107780816474,-136.57727197047254,32.0399,29.3221,"{'x': 36.106689453125, 'y': 30.721664428710938, 'z': -24.670591354370117}",0.0
233,2023-05-03 05:54:52.665210,-20.300442125076483,-135.29475173317053,32.5022,29.371,"{'x': 36.00003433227539, 'y': 31.232839584350586, 'z': -23.480247497558594}",0.0
234,2023-05-03 05:55:23.370464,-18.798531905020152,-134.03828463171266,32.0399,29.2792,"{'x': 36.051673889160156, 'y': 31.702009201049805, 'z': -22.351016998291016}",0.0
235,2023-05-03 05:55:54.069542,-17.28701817982209,-132.80676229478573,31.8621,29.2364,"{'x': 35.982669830322266, 'y': 32.19121170043945, 'z': -21.16111946105957}",0.0
236,2023-05-03 05:56:24.764303,-15.766750407289193,-131.59767434811732,32.7689,29.5209,"{'x': 35.85789489746094, 'y': 32.57627487182617, 'z': -19.85502052307129}",0.0
237,2023-05-03 05:56:55.458195,-14.237736835983421,-130.4080041880226,31.6843,29.0803,"{'x': 35.77041244506836, 'y': 33.00822448730469, 'z': -18.645214080810547}",0.0
238,2023-05-03 05:57:26.148896,-12.701846396757896,-129.23631184596366,31.7732,29.2792,"{'x': 35.84735107421875, 'y': 33.250362396240234, 'z': -17.45800018310547}",0.0
239,2023-05-03 05:57:56.845834,-11.159133458141325,-128.0798536221737,31.5598,29.0467,"{'x': 35.855499267578125, 'y': 33.62207794189453, 'z': -16.21767234802246}",0.0
240,2023-05-03 05:58:27.550248,-9.610666919783073,-126.93675568005898,31.9332,29.4536,"{'x': 35.99250030517578, 'y': 33.835350036621094, 'z': -15.140817642211914}",0.0
241,2023-05-03 05:58:58.258236,-8.056986334103922,-125.80482394380189,31.702,29.3282,"{'x': 35.94235610961914, 'y': 34.16945266723633, 'z': -14.043079376220703}",0.0
242,2023-05-03 05:59:28.929020,-6.5003452396627965,-124.68316369027949,31.5598,29.3588,"{'x': 35.726070404052734, 'y': 34.6159782409668, 'z': -12.979658126831055}",0.0
243,2023-05-03 05:59:59.642067,-4.939932335098995,-123.56871559607079,31.6309,29.2976,"{'x': 35.55080032348633, 'y': 34.8447151184082, 'z': -11.520550727844238}",0.0
244,2023-05-03 06:00:30.346786,-3.376123882145846,-122.45933780817347,31.6309,29.42,"{'x': 35.479827880859375, 'y': 35.218997955322266, 'z': -10.281575202941895}",0.0
245,2023-05-03 06:01:01.062782,-1.8110317996929524,-121.35414236428258,32.5555,29.4169,"{'x': 35.53104782104492, 'y': 35.28358459472656, 'z': -9.119811058044434}",0.0
246,2023-05-03 06:01:31.775911,-0.24456795837723588,-120.25069962951996,31.8087,29.3832,"{'x': 35.33598327636719, 'y': 35.5479850769043, 'z': -7.81509256362915}",0.0
247,2023-05-03 06:02:02.392775,1.321362458356992,-119.14799737306573,31.5065,29.3282,"{'x': 35.23408889770508, 'y': 35.7186279296875, 'z': -6.331465244293213}",0.0
248,2023-05-03 06:02:33.091475,2.88296243947684,-118.04636647098484,31.4531,29.2517,"{'x': 35.069732666015625, 'y': 35.950950622558594, 'z': -5.1342973709106445}",0.0
249,2023-05-03 06:03:03.805408,4.446421985143054,-116.93908629019549,31.8087,29.423,"{'x': 34.93537521362305, 'y': 36.043182373046875, 'z': -3.9622528553009033}",0.0
250,2023-05-03 06:03:34.495787,6.009252869425362,-115.82551737345038,32.5199,29.5423,"{'x': 34.986427307128906, 'y': 36.1737174987793, 'z': -2.9721522331237793}",0.0
251,2023-05-03 06:04:05.218744,7.567671111404537,-114.70594251442127,31.4531,29.3221,"{'x': 34.849544525146484, 'y': 36.505653381347656, 'z': -1.801792860031128}",0.0
252,2023-05-03 06:04:35.926018,9.124074575782602,-113.5761766243146,32.2355,29.4077,"{'x': 34.883060455322266, 'y': 36.61494445800781, 'z': -0.5661519765853882}",0.0
253,2023-05-03 06:05:06.607147,10.674440607524279,-112.43662456772851,31.7554,29.0559,"{'x': 34.88114929199219, 'y': 36.76751708984375, 'z': 0.5995739102363586}",0.0
254,2023-05-03 06:05:37.312537,12.21942090301292,-111.28424913828664,31.382,29.4353,"{'x': 34.725196838378906, 'y': 36.86331558227539, 'z': 1.8616422414779663}",0.0
255,2023-05-03 06:06:08.010717,13.758824657353353,-110.11652200134952,31.7198,29.0497,"{'x': 34.762935638427734, 'y': 37.03268814086914, 'z': 3.3058338165283203}",0.0
256,2023-05-03 06:06:38.722461,15.290762889702082,-108.93211687497744,31.3642,29.3832,"{'x': 34.49355697631836, 'y': 37.18088912963867, 'z': 4.62939977645874}",0.0
257,2023-05-03 06:07:09.422333,16.815360401476546,-107.72806652660185,32.3777,29.628,"{'x': 34.483673095703125, 'y': 37.19896697998047, 'z': 5.872475624084473}",0.0
258,2023-05-03 06:07:40.128747,18.329962501407618,-106.50349276636311,31.6131,29.3037,"{'x': 34.42287063598633, 'y': 37.17800521850586, 'z': 7.407061576843262}",0.0
259,2023-05-03 06:08:10.836301,19.834966903725014,-105.25497088661481,31.8443,29.1752,"{'x': 34.43336868286133, 'y': 37.15129089355469, 'z': 8.515474319458008}",0.0
260,2023-05-03 06:08:41.543585,21.32998794773687,-103.97949575321397,31.2753,29.4322,"{'x': 34.4111328125, 'y': 37.24845504760742, 'z': 9.997027397155762}",0.0
261,2023-05-03 06:09:12.238770,22.812020035611102,-102.6761744826653,31.6131,29.4169,"{'x': 34.27321243286133, 'y': 37.228153228759766, 'z': 11.291128158569336}",0.0
262,2023-05-03 06:09:42.944196,24.28010680998646,-101.34227099375417,31.3464,29.5515,"{'x': 34.120750427246094, 'y': 37.18471908569336, 'z': 12.520562171936035}",0.0
263,2023-05-03 06:10:13.664267,25.733874990260723,-99.97429888894548,31.7376,29.6953,"{'x': 34.118534088134766, 'y': 37.05708694458008, 'z': 13.910323143005371}",0.0
264,2023-05-03 06:10:44.371483,27.172490740955652,-98.56892003159328,31.7554,29.3159,"{'x': 34.152164459228516, 'y': 37.0216064453125, 'z': 15.10737419128418}",0.0
265,2023-05-03 06:11:15.082143,28.592548822483426,-97.12517106828948,31.3287,29.2272,"{'x': 34.034576416015625, 'y': 36.803802490234375, 'z': 16.458560943603516}",0.0
266,2023-05-03 06:11:45.771237,29.994079412146196,-95.6384925646624,31.5242,29.013,"{'x': 34.023780822753906, 'y': 36.698097229003906, 'z': 17.77077865600586}",0.0
267,2023-05-03 06:12:16.490969,31.374382021756333,-94.1069130169868,31.4353,29.2394,"{'x': 33.904205322265625, 'y': 36.37914276123047, 'z': 18.967010498046875}",0.0
268,2023-05-03 06:12:47.196388,32.73294577569314,-92.52584345101667,32.271,29.6892,"{'x': 33.97264099121094, 'y': 36.16782760620117, 'z': 20.138429641723633}",0.0
269,2023-05-03 06:13:17.880137,34.06642909235211,-90.89371894353671,31.8976,29.4077,"{'x': 33.83427810668945, 'y': 35.818260192871094, 'z': 21.796558380126953}",0.0
270,2023-05-03 06:13:48.579649,35.37366340652525,-89.20623632673016,31.6309,29.3955,"{'x': 33.81079864501953, 'y': 35.48902893066406, 'z': 22.743314743041992}",0.0
271,2023-05-03 06:14:19.281027,36.652884304149765,-87.45946450599249,32.111,29.1415,"{'x': 33.93099594116211, 'y': 35.20835876464844, 'z': 23.884218215942383}",0.0
272,2023-05-03 06:14:49.978527,37.90052604727246,-85.65179777509393,31.1331,29.319,"{'x': 33.90904235839844, 'y': 34.81147003173828, 'z': 25.012353897094727}",0.0
273,2023-05-03 06:15:20.686821,39.11612761347293,-83.77694897279304,31.222,29.2517,"{'x': 33.94203186035156, 'y': 34.405517578125, 'z': 25.945348739624023}",0.0
274,2023-05-03 06:15:51.405471,40.295693426390635,-81.83364567928041,31.542,29.3006,"{'x': 33.868690490722656, 'y': 34.0156135559082, 'z': 26.828340530395508}",0.0
275,2023-05-03 06:16:22.119794,41.43705339791807,-79.81773370663426,31.2575,29.1782,"{'x': 33.92909622192383, 'y': 33.453250885009766, 'z': 27.75634765625}",0.0
276,2023-05-03 06:16:52.788699,42.53668366620339,-77.72731928277305,31.5242,29.1782,"{'x': 34.016441345214844, 'y': 32.94032669067383, 'z': 28.66771697998047}",0.0
277,2023-05-03 06:17:23.497954,43.59021346669687,-75.56265012863291,32.1821,29.5087,"{'x': 34.01004409790039, 'y': 32.39542770385742, 'z': 29.402076721191406}",0.0
278,2023-05-03 06:17:54.165283,44.59666097581308,-73.31716507349431,31.3287,29.5056,"{'x': 33.964439392089844, 'y': 31.87641716003418, 'z': 30.136533737182617}",0.0
279,2023-05-03 06:18:24.857031,45.551892382322926,-70.99083653426383,31.1864,29.1293,"{'x': 34.007572174072266, 'y': 31.289825439453125, 'z': 30.758169174194336}",0.0
280,2023-05-03 06:18:55.566778,46.45202757948549,-68.58395481767371,31.4887,29.4383,"{'x': 33.913822174072266, 'y': 30.63741111755371, 'z': 31.22458267211914}",0.0
281,2023-05-03 06:19:26.246527,47.295719673974574,-66.09001166207197,32.1466,29.5148,"{'x': 33.921791076660156, 'y': 30.014623641967773, 'z': 31.606266021728516}",0.0
282,2023-05-03 06:19:56.949339,48.07591009828116,-63.520149727339444,31.6843,29.1935,"{'x': 33.984378814697266, 'y': 29.60025978088379, 'z': 32.05940628051758}",0.0
283,2023-05-03 06:20:27.644184,48.791808696235336,-60.86740506486975,31.382,29.5209,"{'x': 33.98775100708008, 'y': 29.021339416503906, 'z': 32.80059814453125}",0.0
284,2023-05-03 06:20:58.342294,49.43855905252801,-58.13935073984421,31.8976,29.3373,"{'x': 34.065513610839844, 'y': 28.3593692779541, 'z': 33.41891860961914}",0.0
285,2023-05-03 06:21:29.049380,50.013021370312586,-55.339504633163436,31.2042,29.319,"{'x': 33.98155212402344, 'y': 27.716266632080078, 'z': 33.789554595947266}",0.0
286,2023-05-03 06:21:59.776044,50.511984828398326,-52.47366375211492,31.4176,29.4567,"{'x': 34.13944625854492, 'y': 26.990310668945312, 'z': 33.992034912109375}",0.0
287,2023-05-03 06:22:30.477646,50.9327587498967,-49.54701942917109,31.2042,29.4475,"{'x': 34.11808395385742, 'y': 26.343544006347656, 'z': 34.190582275390625}",0.45
288,2023-05-03 06:23:01.169366,51.2720629212525,-46.57309034709753,31.4709,29.218,"{'x': 34.12542724609375, 'y': 25.720111846923828, 'z': 34.295719146728516}",0.44
289,2023-05-03 06:23:31.896137,51.52814123708476,-43.559158403942625,31.8798,29.4322,"{'x': 34.13185119628906, 'y': 25.010643005371094, 'z': 34.50776672363281}",0.32
290,2023-05-03 06:24:02.618422,51.699472444445306,-40.512525822066145,31.3109,29.218,"{'x': 34.268341064453125, 'y': 24.33030891418457, 'z': 34.70729064941406}",0.36
291,2023-05-03 06:24:33.333954,51.78457821964859,-37.448447468034274,31.2753,29.423,"{'x': 34.188682556152344, 'y': 23.66941261291504, 'z': 34.79153823852539}",0.39
292,2023-05-03 06:25:04.018642,51.78296340259446,-34.381996465636156,31.1331,29.1935,"{'x': 34.23682403564453, 'y': 23.1523380279541, 'z': 34.794185638427734}",0.35
293,2023-05-03 06:25:34.717221,51.694676067249006,-31.319317016240554,31.4353,29.1935,"{'x': 34.28302764892578, 'y': 22.669166564941406, 'z': 34.39997482299805}",0.37
294,2023-05-03 06:26:05.428805,51.52038483024156,-28.27641118664648,31.8443,29.3832,"{'x': 34.42458724975586, 'y': 22.167896270751953, 'z': 34.233455657958984}",0.23
295,2023-05-03 06:26:36.120222,51.26111521492717,-25.262123267730804,31.951,29.3618,"{'x': 34.5928840637207, 'y': 21.700233459472656, 'z': 34.37187194824219}",0.0
296,2023-05-03 06:27:06.839566,50.91888308386439,-22.2904318201212,31.4353,29.4047,"{'x': 34.572513580322266, 'y': 21.150646209716797, 'z': 34.27342224121094}",0.0
297,2023-05-03 06:27:37.582236,50.49531587864414,-19.366456307830163,31.1686,29.1568,"{'x': 34.574676513671875, 'y': 20.823471069335938, 'z': 33.86716842651367}",0.03
298,2023-05-03 06:28:08.320992,49.992887104620706,-16.49928427120583,32.0399,29.3098,"{'x': 34.60686492919922, 'y': 20.2429141998291, 'z': 33.53252029418945}",0.0
299,2023-05-03 06:28:39.025380,49.415499616393824,-13.701288094234483,31.222,29.6861,"{'x': 34.78514862060547, 'y': 19.854616165161133, 'z': 33.43938446044922}",25.1
300,2023-05-03 06:29:09.763260,48.765342895658776,-10.973083899509394,31.382,29.3771,"{'x': 34.915103912353516, 'y': 19.434555053710938, 'z': 33.11372756958008}",16.62
301,2023-05-03 06:29:40.479276,48.046155900651584,-8.320971486165202,31.3642,29.3557,"{'x': 34.96291732788086, 'y': 19.010515213012695, 'z': 32.764808654785156}",89.35
302,2023-05-03 06:30:11.182248,47.26281376988602,-5.752327135782321,31.2042,29.2853,"{'x': 35.156333923339844, 'y': 18.654560089111328, 'z': 32.67446517944336}",98.66
303,2023-05-03 06:30:41.866866,46.41730901488019,-3.2634115542665647,31.1509,29.4291,"{'x': 35.27157211303711, 'y': 18.262710571289062, 'z': 32.41872024536133}",178.49
304,2023-05-03 06:31:12.529952,45.513924441739164,-0.8572201174643954,31.5065,29.3526,"{'x': 35.41228485107422, 'y': 17.74213409423828, 'z': 32.32316970825195}",176.34
305,2023-05-03 06:31:43.194822,44.557293623406636,1.4640222292253606,31.8087,29.2762,"{'x': 35.50901794433594, 'y': 17.32010841369629, 'z': 32.22228240966797}",177.21
306,2023-05-03 06:32:13.854199,43.54968889698056,3.7045395667249044,31.2042,29.1232,"{'x': 35.70804214477539, 'y': 16.843040466308594, 'z': 31.949142456054688}",160.35
307,2023-05-03 06:32:44.540359,42.49470357218126,5.8654374067611785,31.382,29.163,"{'x': 35.85894775390625, 'y': 16.56569480895996, 'z': 31.730195999145508}",110.15
308,2023-05-03 06:33:15.222778,41.39438960781165,7.951083341057898,31.2398,29.215,"{'x': 36.09037399291992, 'y': 16.208271026611328, 'z': 31.519548416137695}",30.19
309,2023-05-03 06:33:45.899284,40.252880678834615,9.961872276222003,31.1509,29.4138,"{'x': 36.12034225463867, 'y': 15.56578540802002, 'z': 31.127103805541992}",7.03
310,2023-05-03 06:34:16.568432,39.07316436304152,11.900649300831283,31.3998,29.2853,"{'x': 36.220237731933594, 'y': 15.030500411987305, 'z': 30.217687606811523}",11.62
311,2023-05-03 06:34:47.254832,37.85810405166154,13.770446419844761,31.4887,29.2578,"{'x': 36.26457214355469, 'y': 14.525324821472168, 'z': 29.913082122802734}",14.73
312,2023-05-03 06:35:17.922242,36.60933842933104,15.57595960205226,31.3464,29.2639,"{'x': 36.53759765625, 'y': 14.02812385559082, 'z': 29.740175247192383}",31.68
313,2023-05-03 06:35:48.544753,35.331858748903194,17.317001085437628,31.7732,29.2609,"{'x': 36.83606719970703, 'y': 13.443018913269043, 'z': 29.657207489013672}",71.71
314,2023-05-03 06:36:19.168676,34.026535823839744,18.999141649272403,31.4887,29.6066,"{'x': 36.99858474731445, 'y': 12.859567642211914, 'z': 28.996177673339844}",90.72
315,2023-05-03 06:36:49.851099,32.69446402387026,20.627061160885095,31.9865,29.4291,"{'x': 37.2423095703125, 'y': 12.13957405090332, 'z': 28.799785614013672}",109.18
316,2023-05-03 06:37:20.522910,31.336559135077795,22.205191907569127,31.0797,29.0865,"{'x': 37.403438568115234, 'y': 11.63544750213623, 'z': 28.387359619140625}",127.63
317,2023-05-03 06:37:51.213836,29.956810514070636,23.73423182747187,31.4176,29.0742,"{'x': 37.640647888183594, 'y': 10.992855072021484, 'z': 28.033201217651367}",93.87
318,2023-05-03 06:38:21.851455,28.555597149334844,25.21885708761364,31.222,29.0742,"{'x': 37.994930267333984, 'y': 10.333136558532715, 'z': 27.581607818603516}",51.06
319,2023-05-03 06:38:52.484594,27.13791778790285,26.658696595488085,31.3464,28.9671,"{'x': 38.37322235107422, 'y': 9.670646667480469, 'z': 26.960424423217773}",80.09
320,2023-05-03 06:39:23.172047,25.703117186000043,28.059119009769535,31.2398,29.0375,"{'x': 38.56610107421875, 'y': 9.05327320098877, 'z': 26.57255744934082}",100.48
321,2023-05-03 06:39:53.826768,24.249731010121252,29.42569292789051,31.8976,29.3588,"{'x': 38.868831634521484, 'y': 8.43106460571289, 'z': 25.63196563720703}",101.72
322,2023-05-03 06:40:24.501182,22.783280038569117,30.757205285179968,31.6309,29.2517,"{'x': 39.020992279052734, 'y': 7.90456485748291, 'z': 24.9438533782959}",170.06
323,2023-05-03 06:40:55.129968,21.303830027041606,32.05749942531963,31.6309,29.0497,"{'x': 39.3050537109375, 'y': 7.227688312530518, 'z': 24.201080322265625}",174.73
324,2023-05-03 06:41:25.772449,19.81186036336623,33.32976140852885,31.6309,29.1232,"{'x': 39.48756790161133, 'y': 6.577716827392578, 'z': 23.355762481689453}",134.1
325,2023-05-03 06:41:56.433182,18.309485515546005,34.575619099762136,31.3109,29.1293,"{'x': 39.7299690246582, 'y': 5.862273216247559, 'z': 22.640026092529297}",86.36
326,2023-05-03 06:42:27.063076,16.7977074347525,35.79753315269182,32.0754,29.1721,"{'x': 39.965187072753906, 'y': 5.17469596862793, 'z': 21.391550064086914}",106.73
327,2023-05-03 06:42:57.715289,15.27607511075131,36.99895850821886,31.4176,28.7071,"{'x': 40.04597473144531, 'y': 4.464329242706299, 'z': 20.189279556274414}",145.25
328,2023-05-03 06:43:28.360078,13.745841988362994,38.181832249010064,31.7376,29.0742,"{'x': 40.24627685546875, 'y': 3.8237226009368896, 'z': 19.114896774291992}",108.01
329,2023-05-03 06:43:59.040833,12.209415201276748,39.34714692138192,31.8976,29.1232,"{'x': 40.35826873779297, 'y': 3.3276822566986084, 'z': 17.952919006347656}",114.96
330,2023-05-03 06:44:29.714955,10.664978629017943,40.49900476333745,31.8087,28.8631,"{'x': 40.541236877441406, 'y': 2.663235902786255, 'z': 16.698348999023438}",119.02
331,2023-05-03 06:45:00.415332,9.11556406989088,41.63777005986129,31.8798,28.9151,"{'x': 40.534854888916016, 'y': 2.2519009113311768, 'z': 15.483807563781738}",142.2
332,2023-05-03 06:45:31.080925,7.560331110444827,42.76662281554726,32.271,29.0191,"{'x': 40.55463790893555, 'y': 1.6300251483917236, 'z': 13.954141616821289}",141.81
333,2023-05-03 06:46:01.742256,6.003540364741298,43.884987246371225,31.5954,29.013,"{'x': 40.5594482421875, 'y': 1.1472572088241577, 'z': 12.641499519348145}",143.68
334,2023-05-03 06:46:32.383839,4.443739155299385,44.99637814687848,31.7732,28.9335,"{'x': 40.730491638183594, 'y': 0.5217857360839844, 'z': 11.404861450195312}",163.63
335,2023-05-03 06:47:02.969329,2.882945624406545,46.101767520597434,31.9688,28.9916,"{'x': 40.73662185668945, 'y': 0.1151789203286171, 'z': 10.274380683898926}",166.41
336,2023-05-03 06:47:33.618500,1.3229097578477818,47.202298803174706,31.9865,28.9365,"{'x': 40.66577911376953, 'y': -0.3522038459777832, 'z': 9.045182228088379}",161.02
337,2023-05-03 06:48:04.264674,-0.24038546912402187,48.303149007424565,31.7376,28.9886,"{'x': 40.41837692260742, 'y': -0.7414906024932861, 'z': 6.8988494873046875}",164.97
338,2023-05-03 06:48:34.946003,-1.8033788655515237,49.404143327069114,32.5555,28.2053,"{'x': 40.22869873046875, 'y': -0.976002037525177, 'z': 5.44304895401001}",125.92
339,2023-05-03 06:49:05.591334,-3.3666206389946693,50.50801306599923,31.7909,28.7132,"{'x': 40.1734504699707, 'y': -1.3573620319366455, 'z': 4.0740065574646}",130.93
340,2023-05-03 06:49:36.256617,-4.927819589717345,51.61549844630984,32.5555,28.8631,"{'x': 40.04010009765625, 'y': -1.7101844549179077, 'z': 2.691171884536743}",46.57
341,2023-05-03 06:50:06.908535,-6.486617457673521,52.728723473770884,32.0932,28.961,"{'x': 39.80360412597656, 'y': -1.9212441444396973, 'z': 1.1755255460739136}",30.79
342,2023-05-03 06:50:37.569504,-8.04170792555605,53.84916493853529,32.1821,28.753,"{'x': 39.6263427734375, 'y': -2.1245062351226807, 'z': -0.3298046290874481}",29.34
343,2023-05-03 06:51:08.211013,-9.592952336928386,54.97917882321167,31.8443,28.9457,"{'x': 39.257041931152344, 'y': -2.3558685779571533, 'z': -1.7219418287277222}",49.42
344,2023-05-03 06:51:38.863234,-11.139027890750466,56.120315219008845,32.2177,28.857,"{'x': 38.81992721557617, 'y': -2.4267380237579346, 'z': -3.295466661453247}",94.96
345,2023-05-03 06:52:09.504465,-12.679219579388315,57.274622978533785,32.1466,29.0712,"{'x': 38.59347915649414, 'y': -2.681546449661255, 'z': -4.6749773025512695}",93.86
346,2023-05-03 06:52:40.169815,-14.213307599059023,58.444609027927974,32.2355,28.7499,"{'x': 38.38397216796875, 'y': -2.629271984100342, 'z': -6.113738059997559}",89.64
347,2023-05-03 06:53:10.849850,-15.740727662589373,59.632633572611454,32.271,28.7713,"{'x': 37.9253044128418, 'y': -2.6689810752868652, 'z': -7.615091323852539}",55.71
348,2023-05-03 06:53:41.469856,-17.259741870089783,60.840239270770276,31.9688,28.8172,"{'x': 37.76846694946289, 'y': -2.7630741596221924, 'z': -8.874506950378418}",37.97
